shortId,token
kgallagher2+f24bf352-d19f-4911-ac96-4d53c1492544,1730656887734-187207C59778E70FB296F2881CA9D558
sduarte+50890cf8-2861-437b-ab48-cfb1ede477a1,1730656888372-A04B50A8EA2E54FF7BFDBE721A582E91
sDent+f6fc8937-5319-4e6a-a774-9c8b266bee5a,1730656889366-B169F9434CC6EDB17B6271FE9C8FF3D4
wiimole+e0b59a39-641d-4d8d-83aa-d904aabcba12,1730656890347-BE0DB992470B59C9AD511AB2CFE10375
user001+a1d02e5b-49e1-45b8-b5dd-e8d8b02f8a5c,1730656891353-237BDA28DA2615EAE8DF799A5CFC18C6
user002+d6a75cca-d023-437b-a0a8-221ebfefbffe,1730656892336-3BED58CFD777BD378D47A79B16FFCEDF
user003+a616d480-63fb-4e9c-849f-b3bda0ded7c5,1730656893334-54E3031A699EAD42431C1685445FDF46
user004+f7d3182a-487e-4346-aedc-1b35f89693ab,1730656894338-B57B02A83988733556C2AF395B337E73
user005+f7737b50-464d-4146-8d49-4c0cfe5b529c,1730656895356-962E2087DB90C28FBD645ACBB9A7DDC4
user006+b24de8bf-be07-4e43-a524-b9cbd541cb94,1730656896342-AABAE9B2658C4547219D085A473CCFE8
user007+17f5de80-e9c6-4e8e-9832-85c270f892c0,1730656897360-3ED24331A6F4A8762A41D3C50CF00B02
user008+64e4f140-0873-4ffc-9e23-3833337fcec3,1730656898318-408E930AEED680CE50A36BF4116C578
user009+87eece4e-b636-4ac5-9b66-5057ced2414a,1730656899633-A42736BD9498D5FE09B35DDC5BD066A2
user010+735bf570-1c51-4076-9f41-d3af8c1502d3,1730656900341-91825396B7F3C8E151B84C88D10A6D28
